,participant_id
0,sub-017
1,sub-037
2,sub-057
3,sub-077
4,sub-020
5,sub-040
6,sub-060
7,sub-034
8,sub-074
9,sub-054
10,sub-039
11,sub-019
12,sub-079
13,sub-059
14,sub-023
15,sub-063
16,sub-043
17,sub-042
18,sub-062
19,sub-055
20,sub-075
21,sub-035
22,sub-058
23,sub-078
24,sub-018
25,sub-061
26,sub-041
27,sub-076
28,sub-036
29,sub-007
30,sub-027
31,sub-047
32,sub-067
33,sub-030
34,sub-050
35,sub-070
36,sub-024
37,sub-080
38,sub-064
39,sub-044
40,sub-029
41,sub-009
42,sub-049
43,sub-033
44,sub-073
45,sub-053
46,sub-052
47,sub-072
48,sub-032
49,sub-045
50,sub-065
51,sub-081
52,sub-025
53,sub-048
54,sub-028
55,sub-071
56,sub-051
57,sub-031
58,sub-066
59,sub-046
60,sub-026
61,sub-082
